Contrast name:,Group (agtpat)
Within-subjects contrast matrix:,c[1;1],c[1;2],c[2;1],c[2;2],
,1.000000,0.000000,0.000000,1.000000,
Between-subjects contrast matrix:,c[1;1],
,1.000000,
Overlap threshold:,0.000000

Results
ROI#,average ROI size,average localizer mask size,inter-subject overlap,h[1;1],h[1;2],stderr[1;1],stderr[1;2],T/F,dof,p,p-fdr
1,2948,294,1.000000,0.539275,0.633440,0.098080,0.134521,10.727691,2.000000,0.085268,0.255805
2,1627,162,1.000000,0.048126,0.158163,0.032575,0.082134,2.955121,2.000000,0.252837,0.349432
3,644,64,1.000000,0.140683,0.272295,0.175362,0.163674,2.192536,2.000000,0.313231,0.349432
4,743,74,1.000000,0.214990,0.328832,0.067540,0.038941,26.400602,2.000000,0.036496,0.218973
5,462,46,1.000000,0.617791,0.727027,0.330363,0.321006,2.644875,2.000000,0.274358,0.349432
6,370,37,1.000000,0.145405,0.194589,0.062049,0.101068,1.861788,2.000000,0.349432,0.349432
