"","Group","ROIName","ROI","contrastName","themean","sterr","se_up","se_down"
"1","LHLang","LocalizerAverage",0,"agt",0.284378416666667,0.0745390530326994,0.358917469699366,0.209839363633967
"2","LHLang","LocalizerAverage",0,"pat",0.385724416666667,0.0425264095318307,0.428250826198497,0.343198007134836
"3","MDLeft","LocalizerAverage",0,"agt",0.432583,0.144205845503918,0.576788845503919,0.288377154496082
"4","MDLeft","LocalizerAverage",0,"pat",0.544254083333333,0.0986039004828555,0.642857983816189,0.445650182850478
"5","MDRight","LocalizerAverage",0,"agt",0.136173833333333,0.0296965988296016,0.165870432162935,0.106477234503732
"6","MDRight","LocalizerAverage",0,"pat",0.22719475,0.0558094238370677,0.283004173837068,0.171385326162932
"7","ToM","LocalizerAverage",0,"agt",-0.10677780952381,0.0153457751958906,-0.0914320343279189,-0.1221235847197
"8","ToM","LocalizerAverage",0,"pat",-0.017379,0.10165752362957,0.0842785236295701,-0.11903652362957
