Contrast name:,Group (pat)
Within-subjects contrast matrix:,c[1;1],c[1;2],
,0.000000,1.000000,
Between-subjects contrast matrix:,c[1;1],
,1.000000,
Overlap threshold:,0.000000

Results
ROI#,average ROI size,average localizer mask size,inter-subject overlap,h[1;1],stderr[1;1],T/F,dof,p,p-fdr
1,1885,188,1.000000,-0.400334,0.298318,-1.341969,2.000000,0.844168,0.844168
2,3322,332,1.000000,0.346751,0.204536,1.695304,2.000000,0.116052,0.406182
3,1525,152,1.000000,-0.217110,0.162024,-1.339986,2.000000,0.843900,0.844168
4,4182,418,1.000000,-0.083539,0.128970,-0.647738,2.000000,0.708210,0.844168
5,3419,341,1.000000,0.236580,0.036693,6.447577,2.000000,0.011610,0.081272
6,1313,131,1.000000,-0.064949,0.065353,-0.993817,2.000000,0.787481,0.844168
7,4051,405,1.000000,0.060947,0.077518,0.786239,2.000000,0.257045,0.599772
