ROI,average ROI size,average localizer mask size,inter-subject overlap,mean[1;1],stderr[1;1],T/F,dof,p,p-fdr
LIFGorb,370,37,1.000000,0.172751,0.074874,2.307224,2.000000,0.073708,0.123925
LIFG,743,74,1.000000,0.279315,0.151498,1.843696,2.000000,0.103271,0.123925
LMFG,462,46,1.000000,0.445368,0.101401,4.392141,2.000000,0.024063,0.123925
LAntTemp,1627,162,1.000000,0.005759,0.072367,0.079580,2.000000,0.471909,0.471909
LPostTemp,2948,294,1.000000,0.202299,0.102683,1.970127,2.000000,0.093815,0.123925
LAngG,644,64,1.000000,0.259168,0.120194,2.156246,2.000000,0.081903,0.123925
