ROI,average ROI size,average localizer mask size,inter-subject overlap,mean[1;1],stderr[1;1],T/F,dof,p,p-fdr
LIFGorb,370,37,1.000000,-0.173846,0.305559,-0.568944,2.000000,0.686616,0.831001
LIFG,743,74,1.000000,-0.077243,0.073682,-1.048341,2.000000,0.797756,0.831001
LMFG,462,46,1.000000,0.079496,0.090479,0.878610,2.000000,0.236140,0.708421
LAntTemp,1627,162,1.000000,-0.159809,0.127938,-1.249111,2.000000,0.831001,0.831001
LPostTemp,2948,294,1.000000,0.074060,0.053566,1.382579,2.000000,0.150468,0.708421
LAngG,644,64,1.000000,-0.070280,0.087181,-0.806140,2.000000,0.747610,0.831001
