ROI,average ROI size,average localizer mask size,inter-subject overlap,mean[1;1],stderr[1;1],T/F,dof,p,p-fdr
LIFGorb,370,37,1.000000,0.257862,0.367791,0.701110,2.000000,0.277914,0.416871
LIFG,743,74,1.000000,0.361569,0.313188,1.154479,2.000000,0.183809,0.416871
LMFG,462,46,1.000000,0.413036,0.238732,1.730123,2.000000,0.112874,0.416871
LAntTemp,1627,162,1.000000,0.017572,0.459528,0.038239,2.000000,0.486485,0.486485
LPostTemp,2948,294,1.000000,0.379950,0.427860,0.888025,2.000000,0.234109,0.416871
LAngG,644,64,1.000000,0.111753,0.569161,0.196347,2.000000,0.431240,0.486485
