ROI,average ROI size,average localizer mask size,inter-subject overlap,mean[1;1],stderr[1;1],T/F,dof,p,p-fdr
LIFGorb,370,37,1.000000,0.084016,0.604719,0.138934,2.000000,0.451115,0.565815
LIFG,743,74,1.000000,0.284326,0.384740,0.739008,2.000000,0.268432,0.536864
LMFG,462,46,1.000000,0.492531,0.155212,3.173279,2.000000,0.043301,0.259806
LAntTemp,1627,162,1.000000,-0.142237,0.565128,-0.251690,2.000000,0.587609,0.587609
LPostTemp,2948,294,1.000000,0.454010,0.429046,1.058184,2.000000,0.200449,0.536864
LAngG,644,64,1.000000,0.041473,0.513885,0.080705,2.000000,0.471513,0.565815
