ROI,average ROI size,average localizer mask size,inter-subject overlap,mean[1;S],mean[1;N],mean[1;S-N],stderr[1;S],stderr[1;N],stderr[1;S-N],T/F,dof,p,p-fdr
LIFGorb,370,37,1.000000,0.084016,0.257862,-0.173846,0.604719,0.367791,0.305559,NaN,0.000000,NaN,NaN
LIFG,743,74,1.000000,0.284326,0.361569,-0.077243,0.384740,0.313188,0.073682,NaN,0.000000,NaN,NaN
LMFG,462,46,1.000000,0.492531,0.413036,0.079496,0.155212,0.238732,0.090479,NaN,0.000000,NaN,NaN
LAntTemp,1627,162,1.000000,-0.142237,0.017572,-0.159809,0.565128,0.459528,0.127938,NaN,0.000000,NaN,NaN
LPostTemp,2948,294,1.000000,0.454010,0.379950,0.074060,0.429046,0.427860,0.053566,NaN,0.000000,NaN,NaN
LAngG,644,64,1.000000,0.041473,0.111753,-0.070280,0.513885,0.569161,0.087181,NaN,0.000000,NaN,NaN
