Contrast name:,Group (agtpat)
Within-subjects contrast matrix:,c[1;1],c[1;2],c[2;1],c[2;2],
,1.000000,0.000000,0.000000,1.000000,
Between-subjects contrast matrix:,c[1;1],
,1.000000,
Overlap threshold:,0.000000

Results
ROI#,average ROI size,average localizer mask size,inter-subject overlap,h[1;1],h[1;2],stderr[1;1],stderr[1;2],T/F,dof,p,p-fdr
1,1885,188,1.000000,-0.477898,-0.400334,0.208124,0.298318,1.425158,1.000000,0.509626,0.784392
2,3322,332,1.000000,0.272284,0.346751,0.152567,0.204536,0.803655,1.000000,0.619304,0.784392
3,1525,152,1.000000,-0.434549,-0.217110,0.108381,0.162024,5.020760,1.000000,0.300944,0.708215
4,4182,418,1.000000,-0.198644,-0.083539,0.206319,0.128970,0.240015,1.000000,0.821987,0.821987
5,3419,341,1.000000,0.176894,0.236580,0.087485,0.036693,34.001514,1.000000,0.120383,0.708215
6,1313,131,1.000000,-0.062582,-0.064949,0.091886,0.065353,4.927426,1.000000,0.303521,0.708215
7,4051,405,1.000000,-0.022949,0.060947,0.031351,0.077518,0.606108,1.000000,0.672336,0.784392
