Contrast name:,Group (N)
Within-subjects contrast matrix:,c[1;1],c[1;2],c[1;3],
,0.000000,1.000000,0.000000,
Between-subjects contrast matrix:,c[1;1],
,1.000000,
Overlap threshold:,0.000000

Results
ROI#,average ROI size,average localizer mask size,inter-subject overlap,h[1;1],stderr[1;1],T/F,dof,p,p-fdr
1,2948,294,1.000000,0.491048,0.203614,2.411659,4.000000,0.036711,0.055067
2,1627,162,1.000000,-0.039054,0.056346,-0.693116,4.000000,0.736811,0.884173
3,644,64,1.000000,-0.194745,0.085590,-2.275328,4.000000,0.957388,0.957388
4,743,74,1.000000,0.312308,0.127682,2.445978,4.000000,0.035376,0.055067
5,462,46,1.000000,0.934600,0.130382,7.168156,4.000000,0.001003,0.006016
6,370,37,1.000000,0.208370,0.047212,4.413514,4.000000,0.005784,0.017353
