Contrast name:,Group (S)
Within-subjects contrast matrix:,c[1;1],c[1;2],c[1;3],
,1.000000,0.000000,0.000000,
Between-subjects contrast matrix:,c[1;1],
,1.000000,
Overlap threshold:,0.000000

Results
ROI#,average ROI size,average localizer mask size,inter-subject overlap,h[1;1],stderr[1;1],T/F,dof,p,p-fdr
1,2948,294,1.000000,1.868483,0.375121,4.981016,4.000000,0.003796,0.008550
2,1627,162,1.000000,1.017340,0.226428,4.492994,4.000000,0.005440,0.008550
3,644,64,1.000000,0.655243,0.193271,3.390290,4.000000,0.013761,0.013761
4,743,74,1.000000,1.248952,0.281775,4.432448,4.000000,0.005700,0.008550
5,462,46,1.000000,2.200580,0.442447,4.973654,4.000000,0.003816,0.008550
6,370,37,1.000000,1.373390,0.366251,3.749860,4.000000,0.009975,0.011970
