Contrast name:,Group (pat)
Within-subjects contrast matrix:,c[1;1],c[1;2],
,0.000000,1.000000,
Between-subjects contrast matrix:,c[1;1],
,1.000000,
Overlap threshold:,0.000000

Results
ROI#,average ROI size,average localizer mask size,inter-subject overlap,h[1;1],stderr[1;1],T/F,dof,p,p-fdr
1,2948,294,1.000000,0.633440,0.134521,4.708850,3.000000,0.009064,0.027192
2,1627,162,1.000000,0.158163,0.082134,1.925672,3.000000,0.074901,0.089911
3,644,64,1.000000,0.272295,0.163674,1.663641,3.000000,0.097386,0.097386
4,743,74,1.000000,0.328832,0.038941,8.444449,3.000000,0.001743,0.010456
5,462,46,1.000000,0.727027,0.321006,2.264838,3.000000,0.054220,0.089911
6,370,37,1.000000,0.194589,0.101068,1.925323,3.000000,0.074926,0.089911
